{"homebrew_version":"1.3.5-14-ge1808bf","used_options":[],"unused_options":["--with-chromaprint","--with-fdk-aac","--with-libass","--with-libsoxr","--with-libssh","--with-tesseract","--with-libvidstab","--with-opencore-amr","--with-openh264","--with-openjpeg","--with-openssl","--with-rtmpdump","--with-rubberband","--with-sdl2","--with-snappy","--with-tools","--with-webp","--with-x265","--with-xz","--with-zeromq","--with-zimg","--without-lame","--without-qtkit","--without-securetransport","--without-x264","--without-xvid","--without-gpl","--with-fontconfig","--with-freetype","--with-frei0r","--with-game-music-emu","--with-libbluray","--with-libbs2b","--with-libcaca","--with-libgsm","--with-libmodplug","--with-libvorbis","--with-libvpx","--with-opus","--with-speex","--with-theora","--with-two-lame","--with-wavpack"],"built_as_bottle":true,"poured_from_bottle":true,"installed_as_dependency":false,"installed_on_request":true,"changed_files":["INSTALL_RECEIPT.json","lib/pkgconfig/libavcodec.pc","lib/pkgconfig/libavdevice.pc","lib/pkgconfig/libavfilter.pc","lib/pkgconfig/libavformat.pc","lib/pkgconfig/libavresample.pc","lib/pkgconfig/libavutil.pc","lib/pkgconfig/libpostproc.pc","lib/pkgconfig/libswresample.pc","lib/pkgconfig/libswscale.pc","share/man/man1/ffmpeg-all.1","share/man/man1/ffmpeg-filters.1","share/man/man1/ffprobe-all.1","share/man/man1/ffserver-all.1","share/man/man1/ffserver.1"],"time":1511070954,"source_modified_time":1508083182,"HEAD":null,"stdlib":null,"compiler":"clang","aliases":["ffmpeg@3"],"runtime_dependencies":[{"full_name":"lame","version":"3.99.5"},{"full_name":"x264","version":"r2795"},{"full_name":"xvid","version":"1.3.4"}],"source":{"path":"/usr/local/Homebrew/Library/Taps/homebrew/homebrew-core/Formula/ffmpeg.rb","tap":"homebrew/core","spec":"stable","versions":{"stable":"3.4","devel":null,"head":"HEAD","version_scheme":0}}}