{"homebrew_version":"1.3.1-13-g1a30c16","used_options":[],"unused_options":["--with-10-bit","--with-l-smash"],"built_as_bottle":true,"poured_from_bottle":true,"installed_as_dependency":true,"installed_on_request":false,"changed_files":["INSTALL_RECEIPT.json","lib/pkgconfig/x264.pc"],"time":1511070628,"source_modified_time":1495399267,"HEAD":null,"stdlib":null,"compiler":"clang","aliases":[],"runtime_dependencies":[],"source":{"path":"/usr/local/Homebrew/Library/Taps/homebrew/homebrew-core/Formula/x264.rb","tap":"homebrew/core","spec":"stable","versions":{"stable":"r2795","devel":null,"head":"HEAD","version_scheme":0}}}