{"homebrew_version":null,"used_options":[],"unused_options":["--universal"],"built_as_bottle":true,"poured_from_bottle":true,"installed_as_dependency":true,"installed_on_request":false,"changed_files":null,"time":1511070590,"source_modified_time":1330455308,"HEAD":null,"stdlib":null,"compiler":"clang","aliases":[],"runtime_dependencies":null,"source":{"path":"/usr/local/Homebrew/Library/Taps/homebrew/homebrew-core/Formula/lame.rb","tap":"homebrew/core","spec":"stable","versions":{"stable":"3.99.5","devel":null,"head":null,"version_scheme":0}}}